"Designator","Description/Value","Package/Footprint","Quantity","Manufacturer","Purchase Link","Production Number","Mounting Type","Unit Price"
"J2","Conn_01x02_Pin","Connector_PinHeader_2.54mm:PinHeader_1x02_P2.54mm_Vertical","1","","","","THT",""
"U1","ESP32-DEVKITC-32E","ESP32-DEVKITC-32E:MODULE_ESP32-DEVKITC-32E","1","CXH","https://www.alibaba.com/product-detail/2-54mm-Pitch-1x19-pins-Header-1600109002943.html","","THT","74.66"
"R15","5.1kΩ","Resistor_SMD:R_0603_1608Metric","1","Vishay / Dale ","https://www.mouser.jp/ProductDetail/Vishay-Dale/CRCW06035K10FKEC?qs=sGAEpiMZZMtlubZbdhIBIKbhzOdzan%2FGt7ImYW9MzNM%3D"," CRCW06035K10FKEC ","SMD","19.8"
"R20","1kΩ","Resistor_SMD:R_0603_1608Metric","1"," TDK ","https://www.mouser.jp/ProductDetail/TDK/MMZ1608S102ATA00?qs=8Kz9Wu9QwqVBjJnYaU1j7g%3D%3D"," MMZ1608S102ATA00 ","SMD","16.5"
"M1,M2,M3,M4,M5,M6","Motor_DC","Connector_JST:JST_PH_S2B-PH-K_1x02_P2.00mm_Horizontal","6","JST Sales America Inc.","https://www.digikey.jp/en/products/detail/jst-sales-america-inc/S2B-PH-K-S/926626"," S2B-PH-K-S","THT","15.04"
"C7","6.8nF","Capacitor_SMD:C_0603_1608Metric","1","Vishay / Vitramon ","https://www.mouser.jp/ProductDetail/Vishay-Vitramon/VJ0603Y682KXBAC31X?qs=sGAEpiMZZMsh%252B1woXyUXj5b5vGCCHxb%252B3J6Quj9FcJg%3D"," VJ0603Y682KXBAC31X ","SMD","41.3"
"C1,C2,C3,C4,C5,C11,C12,C13","22uF","Capacitor_SMD:C_0603_1608Metric","8","KYOCERA AVX ","https://www.mouser.jp/ProductDetail/KYOCERA-AVX/0603ZD226MAT2A?qs=sSYV1F9c5cE%2FKdrrBmQkqw%3D%3D","0603ZD226MAT2A ","SMD","85.8"
"U3","PMW3901","Connector_JST:JST_PH_B7B-PH-K_1x07_P2.00mm_Vertical","1","JST Sales America Inc.","https://www.digikey.jp/ja/products/detail/jst-sales-america-inc/B7B-PH-K-S/926616?gclsrc=aw.ds&&utm_adgroup=&utm_source=google&utm_medium=cpc&utm_campaign=Pmax%20Shopping_Product_Low%20Volume&utm_term=&productid=926616&utm_content=&utm_id=go_cmp-20195885710_adg-_ad-__dev-c_ext-_prd-926616_sig-Cj0KCQjwv_m-BhC4ARIsAIqNeBu2G8TW-BNO-WA5Ju2lPlK-TyQ1g0RhKNV_zl-8SEs0E9Bj2J8ldAQaAvN9EALw_wcB&gad_source=1&gclid=Cj0KCQjwv_m-BhC4ARIsAIqNeBu2G8TW-BNO-WA5Ju2lPlK-TyQ1g0RhKNV_zl-8SEs0E9Bj2J8ldAQaAvN9EALw_wcB","B7B-PH-K-S","THT","50.77"
"U6","VL53L1X","Connector_JST:JST_PH_B7B-PH-K_1x07_P2.00mm_Vertical","1","JST Sales America Inc.","https://www.digikey.jp/ja/products/detail/jst-sales-america-inc/B7B-PH-K-S/926616?gclsrc=aw.ds&&utm_adgroup=&utm_source=google&utm_medium=cpc&utm_campaign=Pmax%20Shopping_Product_Low%20Volume&utm_term=&productid=926616&utm_content=&utm_id=go_cmp-20195885710_adg-_ad-__dev-c_ext-_prd-926616_sig-Cj0KCQjwv_m-BhC4ARIsAIqNeBu2G8TW-BNO-WA5Ju2lPlK-TyQ1g0RhKNV_zl-8SEs0E9Bj2J8ldAQaAvN9EALw_wcB&gad_source=1&gclid=Cj0KCQjwv_m-BhC4ARIsAIqNeBu2G8TW-BNO-WA5Ju2lPlK-TyQ1g0RhKNV_zl-8SEs0E9Bj2J8ldAQaAvN9EALw_wcB","B7B-PH-K-S","THT","50.77"
"U4","BNO055","Package_LGA:LGA-28_5.2x3.8mm_P0.5mm","1","Bosch Sensortec","https://www.mouser.jp/ProductDetail/Bosch-Sensortec/BNO055?qs=QhAb4EtQfbV8Z2YmISucWw%3D%3D","BNO055","SMD","2,036.1 "
"R1,R2,R5,R6,R16,R18","100Ω","Resistor_SMD:R_0603_1608Metric","6","Bourns ","https://www.mouser.jp/ProductDetail/Bourns/CR0603-JW-101ELF?qs=jAUlru4btJFOerhakJcyhQ%3D%3D","CR0603-JW-101ELF ","SMD","16.5"
"R22","220Ω","Resistor_SMD:R_0603_1608Metric","1","Pulse Electronics ","https://www.mouser.jp/ProductDetail/Pulse-Electronics/GBK160808T-221Y-N?qs=j%252B1pi9TdxUbKNI%252BrSL0iyA%3D%3D","GBK160808T-221Y-N ","SMD","16.5"
"L1","22uH","Inductor_SMD:L_Vishay_IHLP-2020","1","Vishay / Dale ","https://www.mouser.jp/ProductDetail/Vishay-Dale/IHLP2020BZER220M5A?qs=Imq1NPwxi76LTZn5EfE7yw%3D%3D","IHLP2020BZER220M5A ","SMD","207.9"
"C6,C8","0.1uF","Capacitor_SMD:C_0603_1608Metric","2","KYOCERA AVX ","https://www.mouser.jp/ProductDetail/KYOCERA-AVX/KAM15AR71C104KM?qs=Jm2GQyTW%2FbjvjfiJhcHTCg%3D%3D","KAM15AR71C104KM ","SMD","56.1"
"SW1","SW_Push","Button_Switch_SMD:SW_Push_1P1T_NO_CK_KMR2","1","C&K","https://www.mouser.jp/ProductDetail/CK/KMR231NGLFS?qs=sb%252But3Lm4x1Y5NsXXdZx2g%3D%3D","KMR231NGLFS","SMD","137"
"R3,R4,R7,R8,R9,R10,R11,R12,R13,R14,R17,R19","10kΩ","Resistor_SMD:R_0603_1608Metric","12","Vishay / Beyschlag ","https://www.mouser.jp/ProductDetail/Vishay-Beyschlag/MCT06030D1002BP500?qs=ncxkyCpAYDAJSzgYSRSsnA%3D%3D","MCT06030D1002BP500 ","SMD","23.1"
"U2","MT3608","Package_TO_SOT_SMD:SOT-23-6","1","CYLDCHIP","https://ja.aliexpress.com/item/1005005498022711.html?src=google&pdp_npi=4%40dis!JPY!54!54!!!!!%40!12000034464997520!ppc!!!&src=google&albch=shopping&acnt=742-864-1166&isdl=y&slnk=&plac=&mtctp=&albbt=Google_7_shopping&aff_platform=google&aff_short_key=UneMJZVf&gclsrc=aw.ds&&albagn=888888&&ds_e_adid=739603138789&ds_e_matchtype=search&ds_e_device=c&ds_e_network=g&ds_e_product_group_id=293946777986&ds_e_product_id=ja1005005498022711&ds_e_product_merchant_id=5335339490&ds_e_product_country=JP&ds_e_product_language=ja&ds_e_product_channel=online&ds_e_product_store_id=&ds_url_v=2&albcp=22344558927&albag=177287554075&isSmbAutoCall=false&needSmbHouyi=false&gad_source=1&gclid=Cj0KCQjwv_m-BhC4ARIsAIqNeBtzgigddLSSvJ0K1PMs7Jc373YKzMiAuiZepQqQtj2_9rMwPwUyjbsaAlg1EALw_wcB","MT3608","SMD","53"
"R21","7.5kΩ","Resistor_SMD:R_0603_1608Metric","1"," Susumu ","https://www.mouser.jp/ProductDetail/Susumu/RG1608P-752-B-T5?qs=sGAEpiMZZMtlubZbdhIBIPbXU5%252BlCJyDh7Vi0D1CC3A%3D","RG1608P-752-B-T5 ","SMD","34.7"
"D9","LED","Diode_SMD:D_0603_1608Metric","1","Bivar ","https://www.mouser.jp/ProductDetail/Bivar/SM0603UBWC?qs=hWDdE2Pc5RAVU9aZAE1txQ%3D%3D","SM0603UBWC ","SMD","242.6"
"Q1,Q2,Q3,Q4,Q5,Q6","SQ2310CES","Package_TO_SOT_SMD:SOT-23","6","Vishay / Siliconix ","https://www.mouser.jp/ProductDetail/Vishay-Siliconix/SQ2310CES-T1_GE3?qs=Imq1NPwxi74Lc2AIGZ7l8A%3D%3D","SQ2310CES-T1_GE3 ","SMD","77.6 "
"D1,D2,D3,D4,D6,D7,D8","SS34","Diode_SMD:D_SOD-123F","7"," onsemi / Fairchild ","https://www.mouser.jp/ProductDetail/onsemi-Fairchild/SS34FA?qs=R26iFe%2FkX%2FK1QUwZdCmBBw%3D%3D","SS34FA ","SMD","62.7"
